"year","mpid","firstname","surname","party"
2015,40706,"Bridget","Phillipson","Lab"
2015,40707,"Julie","Elliott","Lab"
2015,40708,"Sharon","Hodgson","Lab"
2015,40709,"Justin","Tomlinson","Con"
2015,40710,"Justine","Greening","Con"
2015,40711,"Nick","Brown","Lab"
2015,40712,"Sadiq","Khan","Lab"
2015,40713,"Chi","Onwurah","Lab"
2015,40714,"Jane","Ellison","Con"
2015,40715,"Jeffrey","Donaldson","DUP"
2015,40716,"Ian","Lucas","Lab"
2015,40717,"Mark","Durkan","SDLP"
2015,40718,"Susan","Elan Jones","Lab"
2015,40719,"Catherine","McKinnell","Lab"
2015,40720,"Ian","Paisley","DUP"
2015,40722,"Marcus","Jones","Con"
2015,40723,"Sylvia","Hermon","Independent"
2015,40724,"Andrew","Smith","Lab"
2015,40725,"Danny","Kinahan","UUP"
2015,40726,"Jim","Shannon","DUP"
2015,40727,"Nick","Smith","Lab"
2015,40728,"Mark","Williams","LDem"
2015,40729,"Hywel","Williams","PC"
2015,40730,"Alan","Brown","SNP"
2015,40731,"Nia","Griffith","Lab"
2015,40732,"Angus","MacNeil","SNP"
2015,40733,"Jeremy","Corbyn","Lab"
2015,40734,"Chris","Evans","Lab"
2015,40735,"Mhairi","Black","SNP"
2015,40736,"David","Simpson","DUP"
2015,40737,"Charles","Walker","Con"
2015,40738,"Jenny","Chapman","Lab"
2015,40739,"Chris","Law","SNP"
2015,40740,"Sammy","Wilson","DUP"
2015,40741,"John","McNally","SNP"
2015,40742,"Suella","Fernandes","Con"
2015,40743,"Peter","Grant","SNP"
2015,40744,"Derek","Twigg","Lab"
2015,40745,"Tasmina","Ahmed-Sheikh","SNP"
2015,40746,"Emma","Lewell-Buck","Lab"
2015,40747,"Martin","Docherty","SNP"
2015,40748,"Michael","Weir","SNP"
2015,40749,"Rebecca","Harris","Con"
2015,40750,"Emily","Thornberry","Lab"
2015,40751,"Stewart","Hosie","SNP"
2015,40752,"Lisa","Cameron","SNP"
2015,40753,"Stephen","Hepburn","Lab"
2015,40754,"Siobhain","McDonagh","Lab"
2015,40755,"Marion","Fellows","SNP"
2015,40756,"Robert","Buckland","Con"
2015,40757,"Owen","Thompson","SNP"
2015,40758,"Chris","Bryant","Lab"
2015,40759,"Nick","Thomas-Symonds","Lab"
2015,40760,"Guto","Bebb","Con"
2015,40761,"Gavin","Robinson","DUP"
2015,40762,"Jonathan","Edwards","PC"
2015,40763,"John","Nicolson","SNP"
2015,40764,"Glyn","Davies","Con"
2015,40765,"Stewart","Jackson","Con"
2015,40766,"Chris","Davies","Con"
2015,40767,"Julie","Cooper","Lab"
2015,40768,"Mark","Field","Con"
2015,40769,"Rupa","Huq","Lab"
2015,40770,"Caroline","Dinenage","Con"
2015,40771,"Alan","Mak","Con"
2015,40772,"Roger","Mullin","SNP"
2015,40773,"Margaret","Ferrier","SNP"
2015,40774,"Stephen","Hammond","Con"
2015,40776,"Wayne","David","Lab"
2015,40777,"Ronnie","Cowan","SNP"
2015,40778,"Andy","Burnham","Lab"
2015,40779,"Gerald","Jones","Lab"
2015,40780,"Paul","Flynn","Lab"
2015,40781,"Kevan","Jones","Lab"
2015,40782,"Craig","Tracey","Con"
2015,40783,"Gavin","Newlands","SNP"
2015,40784,"James","Davies","Con"
2015,40785,"Karen","Buck","Lab"
2015,40786,"Robin","Walker","Con"
2015,40787,"Neil","Gray","SNP"
2015,40788,"Bob","Neill","Con"
2015,40789,"Simon","Burns","Con"
2015,40790,"Steve","Pound","Lab"
2015,40791,"Grahame","Morris","Lab"
2015,40792,"Kirsten","Oswald","SNP"
2015,40793,"Andrew","Slaughter","Lab"
2015,40794,"Andrew","Turner","Con"
2015,40795,"Philip","Hollobone","Con"
2015,40796,"Angela","Crawley","SNP"
2015,40797,"Angus","Robertson","SNP"
2015,40798,"Pat","Glass","Lab"
2015,40799,"David","Amess","Con"
2015,40800,"Steven","Paterson","SNP"
2015,40801,"Chuka","Umunna","Lab"
2015,40802,"David","Lammy","Lab"
2015,40803,"Stephen","Kinnock","Lab"
2015,40804,"Kate","Hollern","Lab"
2015,40805,"Patrick","Grady","SNP"
2015,40806,"Jessica","Morden","Lab"
2015,40807,"Patricia","Gibson","SNP"
2015,40808,"James","Duddridge","Con"
2015,40809,"John","Baron","Con"
2015,40810,"Jim","Cunningham","Lab"
2015,40811,"Stuart","McDonald","SNP"
2015,40812,"Liz","Saville-Roberts","PC"
2015,40813,"Natalie","McGarry","Independent"
2015,40814,"Andrew","Jones","Con"
2015,40815,"Oliver","Heald","Con"
2015,40816,"Tim","Farron","LDem"
2015,40817,"Lisa","Nandy","Lab"
2015,40818,"Nigel","Dodds","DUP"
2015,40819,"Jo","Stevens","Lab"
2015,40820,"Douglas","Chapman","SNP"
2015,40821,"Chris","Stephens","SNP"
2015,40822,"Robert","Halfon","Con"
2015,40823,"Iain","Wright","Lab"
2015,40824,"Mike","Gapes","Lab"
2015,40825,"George","Howarth","Lab"
2015,40826,"Martyn","Day","SNP"
2015,40827,"Carolyn","Harris","Lab"
2015,40828,"Kate","Hoey","Lab"
2015,40829,"Dan","Jarvis","Lab"
2015,40830,"Peter","Dowd","Lab"
2015,40831,"Andrew","Griffiths","Con"
2015,40832,"Greg","Hands","Con"
2015,40833,"David","Jones","Con"
2015,40834,"Helen","Hayes","Lab"
2015,40835,"Virendra","Sharma","Lab"
2015,40836,"Victoria","Borwick","Con"
2015,40837,"James","Berry","Con"
2015,40838,"Pete","Wishart","SNP"
2015,40839,"Owen","Smith","Lab"
2015,40840,"Anna","Turley","Lab"
2015,40841,"John","Spellar","Lab"
2015,40842,"Kirsty","Blackman","SNP"
2015,40843,"Mark","Tami","Lab"
2015,40844,"Bob","Stewart","Con"
2015,40845,"Dawn","Butler","Lab"
2015,40846,"Phil","Boswell","SNP"
2015,40847,"Geoffrey","Robinson","Lab"
2015,40848,"Ann","Clwyd","Lab"
2015,40849,"Yvonne","Fovargue","Lab"
2015,40850,"Sarah","Champion","Lab"
2015,40851,"Alex","Cunningham","Lab"
2015,40852,"Angela","Eagle","Lab"
2015,40853,"Adrian","Bailey","Lab"
2015,40854,"Helen","Goodman","Lab"
2015,40855,"Michelle","Donelan","Con"
2015,40856,"Henry","Smith","Con"
2015,40857,"David","Hanson","Lab"
2015,40858,"David","Burrowes","Con"
2015,40859,"Anne","McLaughlin","SNP"
2015,40860,"Melanie","Onn","Lab"
2015,40861,"Alasdair","McDonnell","SDLP"
2015,40862,"David","Crausby","Lab"
2015,40863,"Philippa","Whitford","SNP"
2015,40864,"Colleen","Fletcher","Lab"
2015,40865,"Graham","Jones","Lab"
2015,40866,"Wes","Streeting","Lab"
2015,40867,"Owen","Paterson","Con"
2015,40868,"Alistair","Carmichael","LDem"
2015,40869,"John","Glen","Con"
2015,40870,"Daniel","Kawczynski","Con"
2015,40871,"Marie","Rimmer","Lab"
2015,40872,"Neil","Carmichael","Con"
2015,40873,"Albert","Owen","Lab"
2015,40874,"Michael","Dugher","Lab"
2015,40875,"Maria","Eagle","Lab"
2015,40876,"Stewart","McDonald","SNP"
2015,40877,"Oliver","Dowden","Con"
2015,40878,"Stephen","Gethins","SNP"
2015,40879,"Huw","Irranca-Davies","Lab"
2015,40880,"Mark","Hendrick","Lab"
2015,40881,"Simon","Danczuk","Lab"
2015,40882,"Simon","Hart","Con"
2015,40883,"George","Kerevan","SNP"
2015,40884,"Ian","Mearns","Lab"
2015,40885,"Stephen","Metcalfe","Con"
2015,40886,"John","Healey","Lab"
2015,40887,"Neil","Coyle","Lab"
2015,40888,"Alison","Thewliss","SNP"
2015,40889,"Catherine","West","Lab"
2015,40890,"Zac","Goldsmith","Con"
2015,40891,"Craig","Williams","Con"
2015,40892,"Mims","Davies","Con"
2015,40893,"Tom","Watson","Lab"
2015,40894,"Douglas","Carswell","UKIP"
2015,40895,"Jackie","Doyle-Price","Con"
2015,40896,"Seema","Malhotra","Lab"
2015,40897,"Shailesh","Vara","Con"
2015,40898,"Paul","Scully","Con"
2015,40899,"Geraint","Davies","Lab"
2015,40900,"Rosie","Cooper","Lab"
2015,40901,"Nigel","Mills","Con"
2015,40902,"Eric","Pickles","Con"
2015,40903,"Charlotte","Leslie","Con"
2015,40904,"Ian","Murray","Lab"
2015,40905,"Ben","Bradshaw","Lab"
2015,40906,"Jonathan","Djanogly","Con"
2015,40907,"Christina","Rees","Lab"
2015,40908,"Julian","Lewis","Con"
2015,40909,"Kevin","Barron","Lab"
2015,40910,"James","Wharton","Con"
2015,40911,"Boris","Johnson","Con"
2015,40912,"Mike","Kane","Lab"
2015,40913,"Richard","Burden","Lab"
2015,40914,"Graham","Stringer","Lab"
2015,40915,"Ivan","Lewis","Lab"
2015,40916,"Teresa","Pearce","Lab"
2015,40917,"James","Brokenshire","Con"
2015,40918,"Jake","Berry","Con"
2015,40919,"Richard","Bacon","Con"
2015,40920,"Tania","Mathias","Con"
2015,40921,"Lyn","Brown","Lab"
2015,40922,"Harriett","Baldwin","Con"
2015,40923,"Ben","Howlett","Con"
2015,40924,"Barry","Gardiner","Lab"
2015,40925,"Caroline","Ansell","Con"
2015,40926,"Deidre","Brock","SNP"
2015,40928,"Diane","Abbott","Lab"
2015,40929,"Amber","Rudd","Con"
2015,40930,"John","Pugh","LDem"
2015,40931,"Lucy","Allan","Con"
2015,40932,"Kevin","Foster","Con"
2015,40933,"David","Anderson","Lab"
2015,40934,"Paul","Monaghan","SNP"
2015,40935,"Harriet","Harman","Lab"
2015,40936,"Alex","Chalk","Con"
2015,40937,"Toby","Perkins","Lab"
2015,40938,"Joan","Ryan","Lab"
2015,40939,"Meg","Hillier","Lab"
2015,40940,"James","Morris","Con"
2015,40941,"John Martin","McDonnell","Lab"
2015,40942,"Louise","Ellman","Lab"
2015,40943,"Mark","Francois","Con"
2015,40944,"Philip","Hammond","Con"
2015,40945,"Margaret","Ritchie","SDLP"
2015,40946,"Valerie","Vaz","Lab"
2015,40947,"Jack","Dromey","Lab"
2015,40948,"Tommy","Sheppard","SNP"
2015,40949,"Diana","Johnson","Lab"
2015,40950,"Karl","McCartney","Con"
2015,40951,"Desmond","Swayne","Con"
2015,40952,"Nicholas","Dakin","Lab"
2015,40953,"Nick","Clegg","LDem"
2015,40954,"Andrew","Mitchell","Con"
2015,40955,"Steve","Reed","Lab"
2015,40956,"Charlie","Elphicke","Con"
2015,40957,"David","Davis","Con"
2015,40958,"Michael","Meacher","Lab"
2015,40959,"Wendy","Morton","Con"
2015,40960,"Graham","Stuart","Con"
2015,40961,"Ruth","Cadbury","Lab"
2015,40962,"Theresa","Villiers","Con"
2015,40963,"Roberta","Blackman-Woods","Lab"
2015,40964,"David","Mundell","Con"
2015,40965,"Greg","Knight","Con"
2015,40966,"Tulip","Siddiq","Lab"
2015,40967,"Andrew","Bridgen","Con"
2015,40968,"Andrew","Stephenson","Con"
2015,40969,"Royston","Smith","Con"
2015,40970,"Matthew","Hancock","Con"
2015,40971,"Gordon","Marsden","Lab"
2015,40972,"George","Eustice","Con"
2015,40973,"Sam","Gyimah","Con"
2015,40974,"Richard","Graham","Con"
2015,40975,"Ben","Gummer","Con"
2015,40976,"Gerald","Kaufman","Lab"
2015,40977,"Bill","Wiggin","Con"
2015,40978,"Mary","Glindon","Lab"
2015,40979,"Kit","Malthouse","Con"
2015,40980,"Michael","Ellis","Con"
2015,40981,"David","Mackintosh","Con"
2015,40982,"Jim","Fitzpatrick","Lab"
2015,40983,"Michael","Fallon","Con"
2015,40984,"Heidi","Allen","Con"
2015,40985,"Alan","Whitehead","Lab"
2015,40986,"Greg","Clark","Con"
2015,40987,"Margaret","Greenwood","Lab"
2015,40988,"Steven","Baker","Con"
2015,40989,"Anna","Soubry","Con"
2015,40990,"Amanda","Milling","Con"
2015,40991,"Jamie","Reed","Lab"
2015,40992,"Ian","Austin","Lab"
2015,40993,"Richard","Arkless","SNP"
2015,40994,"Michelle","Thomson","Independent"
2015,40995,"Keir","Starmer","Lab"
2015,40996,"James","Gray","Con"
2015,40997,"Paul","Blomfield","Lab"
2015,40998,"Alan","Campbell","Lab"
2015,40999,"Nusrat","Ghani","Con"
2015,41000,"Maria","Miller","Con"
2015,41001,"Liam","Byrne","Lab"
2015,41002,"David","Nuttall","Con"
2015,41003,"Mike","Freer","Con"
2015,41004,"Damian","Collins","Con"
2015,41005,"Byron","Davies","Con"
2015,41006,"Andrew","Bingham","Con"
2015,41007,"Peter","Lilley","Con"
2015,41008,"Clive","Lewis","Lab"
2015,41009,"Louise","Haigh","Lab"
2015,41010,"Fiona","Mactaggart","Lab"
2015,41011,"Margot","James","Con"
2015,41012,"Nadhim","Zahawi","Con"
2015,41013,"Emma","Reynolds","Lab"
2015,41014,"Sue","Hayman","Lab"
2015,41015,"Barbara","Keeley","Lab"
2015,41016,"Ben","Wallace","Con"
2015,41017,"Damian","Green","Con"
2015,41018,"Chris","Green","Con"
2015,41020,"William","Wragg","Con"
2015,41021,"Angela","Watkinson","Con"
2015,41022,"Barry","Sheerman","Lab"
2015,41023,"Michael","Fabricant","Con"
2015,41024,"Yvette","Cooper","Lab"
2015,41025,"Andrew","Rosindell","Con"
2015,41026,"Ian","Blackford","SNP"
2015,41027,"Steve","McCabe","Lab"
2015,41028,"Andrew","Percy","Con"
2015,41029,"Ed","Miliband","Lab"
2015,41030,"Mike","Wood","Con"
2015,41031,"Antoinette","Sandbach","Con"
2015,41032,"Tom","Elliott","UUP"
2015,41033,"Steve","Rotheram","Lab"
2015,41034,"Robert","Goodwill","Con"
2015,41035,"Clive","Betts","Lab"
2015,41036,"Stephen","Phillips","Con"
2015,41037,"John","Mann","Lab"
2015,41038,"Jess","Phillips","Lab"
2015,41039,"Stephen","Timms","Lab"
2015,41040,"Kate","Osamor","Lab"
2015,41041,"Clive","Efford","Lab"
2015,41042,"Matthew","Offord","Con"
2015,41043,"Jim","Dowd","Lab"
2015,41044,"Jeff","Smith","Lab"
2015,41045,"George","Freeman","Con"
2015,41047,"Jacob","Rees-Mogg","Con"
2015,41048,"Johnny","Mercer","Con"
2015,41049,"Nigel","Evans","Con"
2015,41050,"Rebecca","Long-Bailey","Lab"
2015,41051,"Harry","Harpham","Lab"
2015,41052,"Anne","Main","Con"
2015,41053,"Alun","Cairns","Con"
2015,41054,"Jonathan","Lord","Con"
2015,41055,"Pat","McFadden","Lab"
2015,41056,"Graham","Brady","Con"
2015,41057,"Brendan","O'Hara","SNP"
2015,41058,"Rushanara","Ali","Lab"
2015,41059,"Paul","Maynard","Con"
2015,41060,"David","Tredinnick","Con"
2015,41061,"Maggie","Throup","Con"
2015,41062,"Mark","Menzies","Con"
2015,41063,"Anne","Milton","Con"
2015,41064,"Richard","Benyon","Con"
2015,41065,"Debbie","Abrahams","Lab"
2015,41066,"David","Warburton","Con"
2015,41067,"Luke","Hall","Con"
2015,41068,"Thomas","Tugendhat","Con"
2015,41069,"John","Redwood","Con"
2015,41070,"Gloria","De Piero","Lab"
2015,41071,"Shabana","Mahmood","Lab"
2015,41072,"Phillip","Lee","Con"
2015,41073,"Imran","Hussain","Lab"
2015,41074,"James","Cleverly","Con"
2015,41075,"Christopher","Chope","Con"
2015,41076,"Chris","Philp","Con"
2015,41077,"Rosie","Winterton","Lab"
2015,41078,"Justin","Madders","Lab"
2015,41079,"Matthew","Pennycook","Lab"
2015,41080,"Bob","Blackman","Con"
2015,41081,"Jesse","Norman","Con"
2015,41082,"Mark","Prisk","Con"
2015,41083,"Heidi","Alexander","Lab"
2015,41084,"Paul","Farrelly","Lab"
2015,41085,"David","Cameron","Con"
2015,41086,"Rob","Marris","Lab"
2015,41087,"Kerry","McCarthy","Lab"
2015,41088,"Caroline","Flint","Lab"
2015,41089,"Vicky","Foxcroft","Lab"
2015,41090,"Lucy","Powell","Lab"
2015,41091,"Nigel","Huddleston","Con"
2015,41092,"Anne Marie","Morris","Con"
2015,41093,"Rory","Stewart","Con"
2015,41094,"Caroline","Nokes","Con"
2015,41095,"Julian","Smith","Con"
2015,41096,"Ann","Coffey","Lab"
2015,41097,"Sarah","Wollaston","Con"
2015,41098,"Jack","Lopresti","Con"
2015,41099,"Drew","Hendry","SNP"
2015,41100,"Scott","Mann","Con"
2015,41101,"Bill","Esterson","Lab"
2015,41102,"Marcus","Fysh","Con"
2015,41103,"David","Lidington","Con"
2015,41104,"Gisela","Stuart","Lab"
2015,41105,"Roger","Godsiff","Lab"
2015,41106,"Conor","Burns","Con"
2015,41107,"Naseem","Shah","Lab"
2015,41108,"Daniel","Zeichner","Lab"
2015,41109,"Tom","Pursglove","Con"
2015,41110,"Damian","Hinds","Con"
2015,41111,"Bernard","Jenkin","Con"
2015,41112,"Jon","Ashworth","Lab"
2015,41113,"Theresa","May","Con"
2015,41114,"Helen","Grant","Con"
2015,41115,"Angela","Smith","Lab"
2015,41116,"Karen","Lumley","Con"
2015,41117,"Alan","Haselhurst","Con"
2015,41118,"Mark","Spencer","Con"
2015,41119,"Julian","Knight","Con"
2015,41120,"Seema","Kennedy","Con"
2015,41121,"Tristram","Hunt","Lab"
2015,41122,"Grant","Shapps","Con"
2015,41123,"Khalid","Mahmood","Lab"
2015,41124,"Karin","Smyth","Lab"
2015,41125,"Jason","McCartney","Con"
2015,41126,"Chris","Heaton-Harris","Con"
2015,41127,"Chris","Skidmore","Con"
2015,41128,"Richard","Burgon","Lab"
2015,41129,"Nicky","Morgan","Con"
2015,41130,"Robert","Jenrick","Con"
2015,41131,"Penny","Mordaunt","Con"
2015,41132,"Flick","Drummond","Con"
2015,41133,"Mark","Pawsey","Con"
2015,41134,"Alan","Duncan","Con"
2015,41135,"Kate","Green","Lab"
2015,41136,"Mary","Creagh","Lab"
2015,41137,"Priti","Patel","Con"
2015,41139,"Iain","Duncan Smith","Con"
2015,41140,"Jon","Trickett","Lab"
2015,41141,"John","Howell","Con"
2015,41142,"Oliver","Letwin","Con"
2015,41143,"Tobias","Ellwood","Con"
2015,41144,"Judith","Cummins","Lab"
2015,41145,"Hilary","Benn","Lab"
2015,41146,"Lilian","Greenwood","Lab"
2015,41147,"Karen","Bradley","Con"
2015,41148,"Jo","Cox","Lab"
2015,41149,"Matt","Warman","Con"
2015,41150,"Edward","Argar","Con"
2015,41151,"Cheryl","Gillan","Con"
2015,41152,"Liz","Kendall","Lab"
2015,41153,"Maria","Caulfield","Con"
2015,41154,"John","Cryer","Lab"
2015,41155,"Iain","Stewart","Con"
2015,41156,"Gavin","Barwell","Con"
2015,41157,"Gareth","Johnson","Con"
2015,41158,"Patrick","McLoughlin","Con"
2015,41159,"Chris","Grayling","Con"
2015,41160,"Helen","Whately","Con"
2015,41161,"Brandon","Lewis","Con"
2015,41162,"Rachel","Reeves","Lab"
2015,41163,"Alan","Meale","Lab"
2015,41164,"Caroline","Spelman","Con"
2015,41165,"Graham","Allen","Lab"
2015,41166,"Lucy","Frazer","Con"
2015,41167,"Gavin","Williamson","Con"
2015,41168,"Stella","Creasy","Lab"
2015,41169,"Helen","Jones","Lab"
2015,41170,"Callum","McCaig","SNP"
2015,41171,"Gerald","Howarth","Con"
2015,41172,"Corri","Wilson","SNP"
2015,41173,"Eilidh","Whiteford","SNP"
2015,41174,"Margaret","Hodge","Lab"
2015,41175,"Andrew","Tyrie","Con"
2015,41176,"Alec","Shelbrooke","Con"
2015,41177,"Nicholas","Boles","Con"
2015,41179,"Chris","Leslie","Lab"
2015,41180,"Nicola","Blackwood","Con"
2015,41181,"Sheryll","Murray","Con"
2015,41182,"Jeremy","Hunt","Con"
2015,41183,"Graham","Evans","Con"
2015,41184,"Adam","Afriyie","Con"
2015,41185,"Dominic","Grieve","Con"
2015,41186,"David","Evennett","Con"
2015,41187,"Frank","Field","Lab"
2015,41188,"Yasmin","Qureshi","Lab"
2015,41189,"Madeleine","Moon","Lab"
2015,41190,"Simon","Kirby","Con"
2015,41191,"Daniel","Poulter","Con"
2015,41192,"Tom","Blenkinsop","Lab"
2015,41193,"Richard","Drax","Con"
2015,41194,"John","Woodcock","Lab"
2015,41195,"Thangam","Debbonaire","Lab"
2015,41196,"Julian","Brazier","Con"
2015,41197,"Stephen","Doughty","Lab"
2015,41198,"Kevin","Brennan","Lab"
2015,41199,"John","Stevenson","Con"
2015,41200,"Tom","Brake","LDem"
2015,41201,"Martin","Vickers","Con"
2015,41202,"Adam","Holloway","Con"
2015,41203,"Robert","Syms","Con"
2015,41204,"Kenneth","Clarke","Con"
2015,41205,"Therese","Coffey","Con"
2015,41206,"Mark","Garnier","Con"
2015,41207,"Will","Quince","Con"
2015,41208,"Jon","Cruddas","Lab"
2015,41209,"Margaret","Beckett","Lab"
2015,41210,"Claire","Perry","Con"
2015,41211,"Gregory","Campbell","DUP"
2015,41212,"Joanna","Cherry","SNP"
2015,41213,"Mark","Lancaster","Con"
2015,41214,"Peter","Bottomley","Con"
2015,41215,"Dennis","Skinner","Lab"
2015,41216,"Sajid","Javid","Con"
2015,41217,"Mary","Robinson","Con"
2015,41218,"Dominic","Raab","Con"
2015,41219,"Carol","Monaghan","SNP"
2015,41220,"Alex","Salmond","SNP"
2015,41221,"Gareth","Thomas","Lab"
2015,41222,"Norman","Lamb","LDem"
2015,41223,"Andrea","Leadsom","Con"
2015,41224,"Jeremy","Lefroy","Con"
2015,41225,"George","Osborne","Con"
2015,41226,"Rebecca","Pow","Con"
2015,41227,"Jo","Churchill","Con"
2015,41228,"Liz","McInnes","Lab"
2015,41229,"Karl","Turner","Lab"
2015,41230,"Alan","Johnson","Lab"
2015,41231,"Luciana","Berger","Lab"
2015,41232,"Stephen","Twigg","Lab"
2015,41233,"Hannah","Bardell","SNP"
2015,41234,"Philip","Dunne","Con"
2015,41235,"Nicholas","Soames","Con"
2015,41236,"Philip","Davies","Con"
2015,41237,"Steve","Double","Con"
2015,41238,"Sarah","Newton","Con"
2015,41239,"Ed","Vaizey","Con"
2015,41240,"Nick","Gibb","Con"
2015,41241,"Chris","Matheson","Lab"
2015,41242,"Hugo","Swire","Con"
2015,41243,"Tim","Loughton","Con"
2015,41244,"Greg","Mulholland","LDem"
2015,41245,"Pauline","Latham","Con"
2015,41247,"Paul","Beresford","Con"
2015,41248,"David","Davies","Con"
2015,41249,"Peter","Heaton-Jones","Con"
2015,41250,"Alberto","Costa","Con"
2015,41251,"James","Cartlidge","Con"
2015,41252,"Kevin","Hollinrake","Con"
2015,41253,"Calum","Kerr","SNP"
2015,41254,"Edward","Leigh","Con"
2015,41255,"Jeremy","Quin","Con"
2015,41256,"Peter","Kyle","Lab"
2015,41257,"Ranil","Jayawardena","Con"
2015,41258,"Jo","Johnson","Con"
2015,41259,"Stephen","Crabb","Con"
2015,41260,"Alok","Sharma","Con"
2015,41261,"Crispin","Blunt","Con"
2015,41262,"Victoria","Prentis","Con"
2015,41263,"Paula","Sherriff","Lab"
2015,41264,"Michael","Tomlinson","Con"
2015,41265,"Stuart","Andrew","Con"
2015,41266,"Nick","Hurd","Con"
2015,41267,"Phil","Wilson","Lab"
2015,41268,"Nigel","Adams","Con"
2015,41269,"Heather","Wheeler","Con"
2015,41270,"John","Hayes","Con"
2015,41271,"David","Gauke","Con"
2015,41272,"Andrew","Murrison","Con"
2015,41273,"Kwasi","Kwarteng","Con"
2015,41274,"David","Mowat","Con"
2015,41275,"John","Penrose","Con"
2015,41276,"Keith","Vaz","Lab"
2015,41277,"Andy","McDonald","Lab"
2015,41278,"Oliver","Colvile","Con"
2015,41279,"Rob","Wilson","Con"
2015,41280,"Conor","McGinn","Lab"
2015,41281,"Stephen","McPartland","Con"
2015,41282,"Christopher","Pincher","Con"
2015,41283,"Laurence","Robertson","Con"
2015,41284,"Mark","Pritchard","Con"
2015,41285,"David","Winnick","Lab"
2015,41286,"Richard","Harrington","Con"
2015,41287,"Victoria","Atkins","Con"
2015,41288,"Liam","Fox","Con"
2015,41289,"Gordon","Henderson","Con"
2015,41290,"Michael","Gove","Con"
2015,41291,"Peter","Bone","Con"
2015,41292,"Stuart","Donaldson","SNP"
2015,41293,"Alison","McGovern","Lab"
2015,41294,"Huw","Merriman","Con"
2015,41295,"Caroline","Lucas","Green"
2015,41296,"Nadine","Dorries","Con"
2015,41297,"Simon","Hoare","Con"
2015,41298,"Rishi","Sunak","Con"
2015,41299,"Nick","Herbert","Con"
2015,41300,"Mark","Harper","Con"
2015,41301,"Vernon","Coaker","Lab"
2015,41302,"Mike","Penning","Con"
2015,41303,"Steve","Barclay","Con"
2015,41304,"Steve","Brine","Con"
2015,41305,"Chloe","Smith","Con"
2015,41306,"Gary","Streeter","Con"
2015,41307,"Bill","Cash","Con"
2015,41308,"Neil","Parish","Con"
2015,41309,"Craig","Whittaker","Con"
2015,41310,"Fabian","Hamilton","Lab"
2015,41311,"Henry","Bellingham","Con"
2015,41312,"Peter","Aldous","Con"
2015,41313,"Angela","Rayner","Lab"
2015,41314,"Kris","Hopkins","Con"
2015,41315,"Kelly","Tolhurst","Con"
2015,41316,"Elizabeth","Truss","Con"
2015,41317,"Andrea","Jenkyns","Con"
2015,41318,"Cat","Smith","Lab"
2015,41319,"David","Morris","Con"
2015,41320,"Tracey","Crouch","Con"
2015,41321,"Andrew","Gwynne","Lab"
2015,41322,"Andrew","Selous","Con"
2015,41323,"Ian","Liddell-Grainger","Con"
2015,41324,"David","Rutley","Con"
2015,41325,"Rachael","Maskell","Lab"
2015,41326,"Julian","Sturdy","Con"
2015,41327,"John","Whittingdale","Con"
2015,41328,"George","Hollingbery","Con"
2015,41329,"Rehman","Chishti","Con"
2015,41330,"Holly","Lynch","Lab"
2015,41331,"Jonathan","Reynolds","Lab"
2015,41332,"Ruth","Smeeth","Lab"
2015,41333,"Fiona","Bruce","Con"
2015,41334,"Amanda","Solloway","Con"
2015,41335,"Rob","Flello","Lab"
2015,41336,"Richard","Fuller","Con"
2015,41337,"Edward","Timpson","Con"
2015,41338,"Keith","Simpson","Con"
2015,41339,"Alistair","Burt","Con"
2015,41340,"Edward","Garnier","Con"
2015,41341,"Roger","Gale","Con"
2015,41342,"Craig","Mackinlay","Con"
2015,41343,"Geoffrey","Cox","Con"
2015,41344,"James","Heappey","Con"
2015,41345,"Mel","Stride","Con"
2015,41346,"Kelvin","Hopkins","Lab"
2015,41347,"Gavin","Shuker","Lab"
2015,41348,"Geoffrey","Clifton-Brown","Con"
2015,41349,"Anne-Marie","Trevelyan","Con"
2015,41350,"Ronnie","Campbell","Lab"
2015,41351,"Ian","Lavery","Lab"
2015,41352,"Guy","Opperman","Con"
2015,41353,"Jeremy","Wright","Con"
2015,41354,"Chris","White","Con"
2015,41355,"Derek","Thomas","Con"
2015,41359,"Michelle","Thomson","Independent"
2015,41360,"Jim","McMahon","Lab"
2015,41361,"Natalie","McGarry","Independent"
2015,41362,"Gill","Furniss","Lab"
2015,41363,"Chris","Elmore","Lab"
2015,41364,"Rosena","Allin-Khan","Lab"
2015,41365,"Tracy","Brabin","Lab"
2015,41366,"Robert","Courts","Con"
2015,41367,"Sarah","Olney","LDem"
2015,41368,"Caroline","Johnson","Con"
2015,41369,"Trudy","Harrison","Con"
2015,41370,"Gareth","Snell","Lab"
2017,41371,"Bridget","Phillipson","Lab"
2017,41372,"Chi","Onwurah","Lab"
2017,41373,"Julie","Elliott","Lab"
2017,41374,"Nick","Brown","Lab"
2017,41375,"Justin","Tomlinson","Con"
2017,41376,"Sharon","Hodgson","Lab"
2017,41377,"Catherine","McKinnell","Lab"
2017,41378,"Philip","Hollobone","Con"
2017,41379,"Marcus","Jones","Con"
2017,41380,"Charles","Walker","Con"
2017,41381,"John","Baron","Con"
2017,41382,"Sue","Hayman","Lab"
2017,41383,"Andy","McDonald","Lab"
2017,41384,"Jenny","Chapman","Lab"
2017,41385,"Emma","Lewell-Buck","Lab"
2017,41386,"Stephen","Metcalfe","Con"
2017,41387,"Stephen","Hepburn","Lab"
2017,41388,"Derek","Twigg","Lab"
2017,41389,"Andrew","Jones","Con"
2017,41390,"Jo","Platt","Lab"
2017,41391,"Nia","Griffith","Lab"
2017,41392,"Sylvia","Hermon","Independent"
2017,41393,"Ged","Killen","Lab"
2017,41394,"Robert","Buckland","Con"
2017,41395,"Alex","Cunningham","Lab"
2017,41396,"Ian","Lucas","Lab"
2017,41397,"Frank","Field","Lab"
2017,41398,"John","Stevenson","Con"
2017,41399,"Yvonne","Fovargue","Lab"
2017,41400,"Rosena","Allin-Khan","Lab"
2017,41401,"Lisa","Nandy","Lab"
2017,41402,"Vicky","Ford","Con"
2017,41403,"Jeffrey","Donaldson","DUP"
2017,41404,"Jim","Shannon","DUP"
2017,41405,"Alan","Brown","SNP"
2017,41406,"Tom","Watson","Lab"
2017,41407,"Robert","Halfon","Con"
2017,41408,"George","Howarth","Lab"
2017,41409,"Chris","Elmore","Lab"
2017,41410,"Mark","Francois","Con"
2017,41411,"Julie","Cooper","Lab"
2017,41412,"Susan","Elan Jones","Lab"
2017,41413,"Charlie","Elphicke","Independent"
2017,41414,"Rupa","Huq","Lab"
2017,41415,"Alan","Mak","Con"
2017,41416,"Oliver","Dowden","Con"
2017,41417,"Craig","Tracey","Con"
2017,41418,"Justine","Greening","Con"
2017,41419,"Richard","Bacon","Con"
2017,41420,"Nadhim","Zahawi","Con"
2017,41421,"Alan","Campbell","Lab"
2017,41422,"Chris","Ruane","Lab"
2017,41423,"John","Spellar","Lab"
2017,41424,"Martin","Docherty","SNP"
2017,41425,"Kirstene","Hair","Con"
2017,41426,"Angela","Eagle","Lab"
2017,41427,"Stephanie","Peacock","Lab"
2017,41428,"Rebecca","Harris","Con"
2017,41429,"Damian","Collins","Con"
2017,41430,"Jessica","Morden","Lab"
2017,41431,"Mary","Glindon","Lab"
2017,41432,"Anneliese","Dodds","Lab"
2017,41433,"Bill","Esterson","Lab"
2017,41434,"Nick","Thomas-Symonds","Lab"
2017,41435,"Adrian","Bailey","Lab"
2017,41436,"Emma","Reynolds","Lab"
2017,41437,"Marcus","Fysh","Con"
2017,41438,"Nick","Smith","Lab"
2017,41439,"Jonathan","Edwards","PC"
2017,41440,"Stewart","Hosie","SNP"
2017,41441,"Maggie","Throup","Con"
2017,41442,"Suella","Braverman","Con"
2017,41443,"Mike","Hill","Lab"
2017,41444,"Chris","Evans","Lab"
2017,41445,"Louise","Ellman","Lab"
2017,41446,"Mhairi","Black","SNP"
2017,41447,"Owen","Smith","Lab"
2017,41448,"Conor","McGinn","Lab"
2017,41449,"Hywel","Williams","PC"
2017,41450,"Marsha","de Cordova","Lab"
2017,41451,"Phillip","Lee","Con"
2017,41452,"Amanda","Milling","Con"
2017,41453,"Ian","Mearns","Lab"
2017,41454,"Paul","Flynn","Lab"
2017,41455,"Paul","Williams","Lab"
2017,41456,"Kevin","Foster","Con"
2017,41457,"Andrew","Griffiths","Con"
2017,41458,"James","Frith","Lab"
2017,41459,"Wayne","David","Lab"
2017,41460,"David","Hanson","Lab"
2017,41461,"Chris","Law","SNP"
2017,41462,"Lisa","Cameron","SNP"
2017,41463,"Gregory","Campbell","DUP"
2017,41464,"John","McNally","SNP"
2017,41465,"Mike","Penning","Con"
2017,41466,"Nadine","Dorries","Con"
2017,41467,"Gavin","Newlands","SNP"
2017,41468,"Mark","Hendrick","Lab"
2017,41469,"Michael","Fallon","Con"
2017,41470,"Marie","Rimmer","Lab"
2017,41471,"Alun","Cairns","Con"
2017,41472,"Margaret","Greenwood","Lab"
2017,41473,"Liz","Twist","Lab"
2017,41475,"Mark","Prisk","Con"
2017,41476,"Liz","McInnes","Lab"
2017,41477,"Angus","MacNeil","SNP"
2017,41478,"Andrew","Bridgen","Con"
2017,41479,"Mark","Pawsey","Con"
2017,41481,"Madeleine","Moon","Lab"
2017,41482,"Sam","Gyimah","Con"
2017,41483,"Mark","Menzies","Con"
2017,41484,"Maria","Eagle","Lab"
2017,41485,"Diana","Johnson","Lab"
2017,41486,"Douglas","Ross","Con"
2017,41487,"Anne Marie","Morris","Con"
2017,41488,"Oliver","Heald","Con"
2017,41489,"Luke","Graham","Con"
2017,41490,"Tony","Lloyd","Lab"
2017,41491,"Kenneth","Clarke","Con"
2017,41492,"Gill","Furniss","Lab"
2017,41493,"Christopher","Pincher","Con"
2017,41494,"Nigel","Mills","Con"
2017,41495,"Dan","Jarvis","Lab"
2017,41496,"Kate","Hollern","Lab"
2017,41497,"Peter","Dowd","Lab"
2017,41498,"Christopher","Chope","Con"
2017,41499,"Peter","Grant","SNP"
2017,41500,"Melanie","Onn","Lab"
2017,41501,"Jonathan","Djanogly","Con"
2017,41502,"Ronnie","Cowan","SNP"
2017,41503,"Nigel","Huddleston","Con"
2017,41504,"Danielle","Rowley","Lab"
2017,41505,"Patricia","Gibson","SNP"
2017,41506,"Andrew","Stephenson","Con"
2017,41507,"Chris","Bryant","Lab"
2017,41508,"James","Duddridge","Con"
2017,41509,"Peter","Bone","Con"
2017,41510,"Alison","McGovern","Lab"
2017,41511,"Pat","McFadden","Lab"
2017,41512,"Steven","Baker","Con"
2017,41513,"Mark","Garnier","Con"
2017,41514,"Kirsty","Blackman","SNP"
2017,41515,"Leo","Docherty","Con"
2017,41517,"Ann","Clwyd","Lab"
2017,41519,"Luciana","Berger","Lab"
2017,41520,"Glyn","Davies","Con"
2017,41521,"Paul","Girvan","DUP"
2017,41522,"David","Amess","Con"
2017,41523,"Damien","Moore","Con"
2017,41524,"Andrew","Mitchell","Con"
2017,41525,"Eleanor","Smith","Lab"
2017,41526,"Guto","Bebb","Con"
2017,41527,"Paul","Maynard","Con"
2017,41528,"David","Crausby","Lab"
2017,41529,"Jo","Stevens","Lab"
2017,41530,"Karl","Turner","Lab"
2017,41531,"Christina","Rees","Lab"
2017,41532,"Kevan","Jones","Lab"
2017,41533,"Louise","Haigh","Lab"
2017,41534,"Heidi","Allen","Con"
2017,41535,"Geraint","Davies","Lab"
2017,41536,"Karen","Buck","Lab"
2017,41537,"Albert","Owen","Lab"
2017,41538,"Chris","Davies","Con"
2017,41539,"Kerry","McCarthy","Lab"
2017,41540,"Ivan","Lewis","Independent"
2017,41541,"Will","Quince","Con"
2017,41542,"Jim","Cunningham","Lab"
2017,41543,"Mims","Davies","Con"
2017,41545,"Bernard","Jenkin","Con"
2017,41546,"David","Davies","Con"
2017,41547,"Lilian","Greenwood","Lab"
2017,41548,"Julian","Knight","Con"
2017,41549,"Stella","Creasy","Lab"
2017,41550,"Stephen","Kinnock","Lab"
2017,41551,"Mark","Tami","Lab"
2017,41552,"Helen","Goodman","Lab"
2017,41553,"Karin","Smyth","Lab"
2017,41554,"Colleen","Fletcher","Lab"
2017,41555,"Jo","Swinson","LDem"
2017,41556,"Clive","Efford","Lab"
2017,41557,"Ruth","George","Lab"
2017,41558,"Stephen","Twigg","Lab"
2017,41559,"Michael","Gove","Con"
2017,41560,"Greg","Clark","Con"
2017,41561,"Harriett","Baldwin","Con"
2017,41562,"Caroline","Flint","Lab"
2017,41563,"Liz","Saville-Roberts","PC"
2017,41564,"Tonia","Antoniazzi","Lab"
2017,41565,"Anne","Milton","Con"
2017,41566,"Graham","Jones","Lab"
2017,41567,"Sandy","Martin","Lab"
2017,41568,"Siobhain","McDonagh","Lab"
2017,41569,"Julian","Lewis","Con"
2017,41570,"Richard","Benyon","Con"
2017,41571,"Ian","Paisley","DUP"
2017,41572,"Andrew","Rosindell","Con"
2017,41573,"Clive","Betts","Lab"
2017,41574,"Jared","O'Mara","Independent"
2017,41575,"Anne","Main","Con"
2017,41576,"Stephen","McPartland","Con"
2017,41577,"Jackie","Doyle-Price","Con"
2017,41578,"Richard","Harrington","Con"
2017,41579,"Nusrat","Ghani","Con"
2017,41580,"Matthew","Hancock","Con"
2017,41581,"John","Redwood","Con"
2017,41582,"Barbara","Keeley","Lab"
2017,41583,"Gavin","Robinson","DUP"
2017,41584,"Richard","Burden","Lab"
2017,41585,"Jess","Phillips","Lab"
2017,41586,"Darren","Jones","Lab"
2017,41587,"Iain","Duncan Smith","Con"
2017,41588,"Geoffrey","Robinson","Lab"
2017,41589,"Sammy","Wilson","DUP"
2017,41590,"Caroline","Spelman","Con"
2017,41591,"Fiona","Onasanya","Lab"
2017,41592,"John","Hayes","Con"
2017,41593,"David","Drew","Lab"
2017,41594,"Boris","Johnson","Con"
2017,41595,"Damian","Green","Con"
2017,41596,"Jack","Dromey","Lab"
2017,41597,"Roberta","Blackman-Woods","Lab"
2017,41598,"Martin","Vickers","Con"
2017,41599,"David","Jones","Con"
2017,41600,"Alison","Thewliss","SNP"
2017,41601,"Paul","Sweeney","Lab"
2017,41602,"Emily","Thornberry","Lab"
2017,41603,"Jeremy","Wright","Con"
2017,41604,"George","Freeman","Con"
2017,41605,"Laura","Pidcock","Lab"
2017,41606,"Rebecca","Long-Bailey","Lab"
2017,41607,"John","Glen","Con"
2017,41608,"Mark","Pritchard","Con"
2017,41609,"Vincent","Cable","LDem"
2017,41610,"Oliver","Letwin","Con"
2017,41611,"Yasmin","Qureshi","Lab"
2017,41612,"David","Tredinnick","Con"
2017,41613,"Daniel","Zeichner","Lab"
2017,41614,"Cheryl","Gillan","Con"
2017,41615,"Mark","Field","Con"
2017,41616,"Trudy","Harrison","Con"
2017,41617,"Douglas","Chapman","SNP"
2017,41618,"Grahame","Morris","Lab"
2017,41619,"Angela","Crawley","SNP"
2017,41620,"Dan","Carden","Lab"
2017,41621,"Chloe","Smith","Con"
2017,41622,"Nigel","Evans","Con"
2017,41623,"Carolyn","Harris","Lab"
2017,41624,"Mike","Kane","Lab"
2017,41625,"Bill","Grant","Con"
2017,41626,"Dominic","Grieve","Con"
2017,41627,"Giles","Watling","Con"
2017,41628,"Virendra","Sharma","Lab"
2017,41629,"Vernon","Coaker","Lab"
2017,41630,"Caroline","Dinenage","Con"
2017,41631,"Bob","Seely","Con"
2017,41632,"Emma","Hardy","Lab"
2017,41633,"Jon","Ashworth","Lab"
2017,41634,"Gavin","Shuker","Lab"
2017,41635,"John","Whittingdale","Con"
2017,41636,"Lucy","Powell","Lab"
2017,41637,"Richard","Drax","Con"
2017,41638,"Geoffrey","Clifton-Brown","Con"
2017,41639,"Stephen","Hammond","Con"
2017,41640,"Robin","Walker","Con"
2017,41641,"Neil","Gray","SNP"
2017,41642,"Nigel","Dodds","DUP"
2017,41643,"Shabana","Mahmood","Lab"
2017,41644,"Thangam","Debbonaire","Lab"
2017,41645,"Anna","McMorrin","Lab"
2017,41646,"Michelle","Donelan","Con"
2017,41647,"Patrick","Grady","SNP"
2017,41648,"Adam","Holloway","Con"
2017,41649,"Matthew","Pennycook","Lab"
2017,41650,"Drew","Hendry","SNP"
2017,41651,"Jeremy","Corbyn","Lab"
2017,41652,"Maria","Caulfield","Con"
2017,41653,"John","Cryer","Lab"
2017,41654,"Pete","Wishart","SNP"
2017,41655,"Penny","Mordaunt","Con"
2017,41656,"Phil","Wilson","Lab"
2017,41657,"Karen","Bradley","Con"
2017,41658,"Wendy","Morton","Con"
2017,41659,"Wera","Hobhouse","LDem"
2017,41660,"Mohammad","Yasin","Lab"
2017,41661,"Jon","Cruddas","Lab"
2017,41662,"Gareth","Johnson","Con"
2017,41663,"Martin","Whitfield","Lab"
2017,41664,"Brandon","Lewis","Con"
2017,41665,"John Martin","McDonnell","Lab"
2017,41666,"Julia","Lopez","Con"
2017,41667,"Lesley","Laird","Lab"
2017,41668,"Desmond","Swayne","Con"
2017,41669,"Shailesh","Vara","Con"
2017,41670,"Clive","Lewis","Lab"
2017,41672,"Jeremy","Lefroy","Con"
2017,41673,"Therese","Coffey","Con"
2017,41674,"Thomas","Tugendhat","Con"
2017,41675,"John","Healey","Lab"
2017,41676,"Judith","Cummins","Lab"
2017,41677,"Paul","Masterton","Con"
2017,41678,"Dominic","Raab","Con"
2017,41679,"Carol","Monaghan","SNP"
2017,41680,"Rachel","Reeves","Lab"
2017,41681,"Liz","Kendall","Lab"
2017,41682,"Heidi","Alexander","Lab"
2017,41683,"Jeff","Smith","Lab"
2017,41684,"Gerald","Jones","Lab"
2017,41685,"Crispin","Blunt","Con"
2017,41686,"Gordon","Henderson","Con"
2017,41687,"David","Lammy","Lab"
2017,41688,"Margaret","Hodge","Lab"
2017,41689,"Emma","Little Pengelly","DUP"
2017,41690,"Damian","Hinds","Con"
2017,41691,"Tommy","Sheppard","SNP"
2017,41692,"Stewart","McDonald","SNP"
2017,41693,"Richard","Graham","Con"
2017,41694,"Hannah","Bardell","SNP"
2017,41696,"Ranil","Jayawardena","Con"
2017,41697,"James","Gray","Con"
2017,41698,"Anna","Turley","Lab"
2017,41699,"Nigel","Adams","Con"
2017,41700,"Heather","Wheeler","Con"
2017,41701,"Lucy","Allan","Con"
2017,41702,"Steve","McCabe","Lab"
2017,41703,"Rosie","Duffield","Lab"
2017,41704,"Stephen","Doughty","Lab"
2017,41705,"Stephen","Timms","Lab"
2017,41706,"Chris","Stephens","SNP"
2017,41707,"Diane","Abbott","Lab"
2017,41708,"Victoria","Atkins","Con"
2017,41709,"Theresa","May","Con"
2017,41710,"Simon","Clarke","Con"
2017,41711,"Paul","Beresford","Con"
2017,41712,"Norman","Lamb","LDem"
2017,41713,"Debbie","Abrahams","Lab"
2017,41714,"Stephen","Morgan","Lab"
2017,41715,"Andrew","Murrison","Con"
2017,41716,"Jonathan","Lord","Con"
2017,41717,"Nick","Gibb","Con"
2017,41718,"Chris","Green","Con"
2017,41719,"Helen","Jones","Lab"
2017,41720,"Liam","Byrne","Lab"
2017,41721,"Tobias","Ellwood","Con"
2017,41722,"Alex","Burghart","Con"
2017,41723,"Hugh","Gaffney","Lab"
2017,41724,"Gareth","Thomas","Lab"
2017,41725,"Bim","Afolami","Con"
2017,41726,"Hilary","Benn","Lab"
2017,41727,"Michael","Fabricant","Con"
2017,41728,"Afzal","Khan","Lab"
2017,41729,"Angela","Smith","Lab"
2017,41730,"Caroline","Nokes","Con"
2017,41731,"Paul","Scully","Con"
2017,41732,"Adam","Afriyie","Con"
2017,41733,"Ross","Thomson","Con"
2017,41734,"Graham","Brady","Con"
2017,41735,"Brendan","O'Hara","SNP"
2017,41736,"Nick","Herbert","Con"
2017,41737,"Gloria","De Piero","Lab"
2017,41738,"Angela","Rayner","Lab"
2017,41739,"David","Lidington","Con"
2017,41740,"Victoria","Prentis","Con"
2017,41741,"David","Duguid","Con"
2017,41742,"John","Woodcock","Lab"
2017,41743,"Maria","Miller","Con"
2017,41744,"Lord","John","Lab"
2017,41745,"Tracy","Brabin","Lab"
2017,41746,"Bob","Stewart","Con"
2017,41747,"Neil","Coyle","Lab"
2017,41748,"Anne-Marie","Trevelyan","Con"
2017,41749,"John","Lamont","Con"
2017,41750,"Rushanara","Ali","Lab"
2017,41751,"Graham","Stuart","Con"
2017,41752,"Huw","Merriman","Con"
2017,41753,"David","Evennett","Con"
2017,41754,"Preet","Kaur Gill","Lab"
2017,41755,"Roger","Godsiff","Lab"
2017,41756,"Khalid","Mahmood","Lab"
2017,41757,"Graham","Stringer","Lab"
2017,41758,"Gordon","Marsden","Lab"
2017,41759,"Ronnie","Campbell","Lab"
2017,41760,"Dennis","Skinner","Lab"
2017,41761,"Matt","Warman","Con"
2017,41762,"Conor","Burns","Con"
2017,41763,"Imran","Hussain","Lab"
2017,41764,"Naseem","Shah","Lab"
2017,41765,"James","Cleverly","Con"
2017,41766,"Dawn","Butler","Lab"
2017,41767,"Barry","Gardiner","Lab"
2017,41768,"Ruth","Cadbury","Lab"
2017,41769,"Ian","Liddell-Grainger","Con"
2017,41770,"Andrew","Percy","Con"
2017,41771,"Lloyd","Russell-Moyle","Lab"
2017,41772,"Caroline","Lucas","Green"
2017,41773,"Keith","Simpson","Con"
2017,41774,"Bob","Neill","Con"
2017,41775,"Sajid","Javid","Con"
2017,41776,"Anna","Soubry","Con"
2017,41778,"Jo","Churchill","Con"
2017,41779,"Jamie","Stone","LDem"
2017,41780,"Craig","Whittaker","Con"
2017,41781,"Harriet","Harman","Lab"
2017,41782,"George","Eustice","Con"
2017,41783,"Kevin","Brennan","Lab"
2017,41784,"Simon","Hart","Con"
2017,41785,"Tom","Brake","LDem"
2017,41786,"Philippa","Whitford","SNP"
2017,41787,"Mel","Stride","Con"
2017,41788,"Daniel","Poulter","Con"
2017,41789,"Ben","Lake","PC"
2017,41790,"Edward","Argar","Con"
2017,41791,"Tracey","Crouch","Con"
2017,41792,"Mary","Robinson","Con"
2017,41793,"Greg","Hands","Con"
2017,41794,"Alex","Chalk","Con"
2017,41795,"Toby","Perkins","Lab"
2017,41796,"Gillian","Keegan","Con"
2017,41797,"Theresa","Villiers","Con"
2017,41798,"Chris","Matheson","Lab"
2017,41799,"Thelma","Walker","Lab"
2017,41800,"Fiona","Bruce","Con"
2017,41801,"Tom","Pursglove","Con"
2017,41802,"Henry","Smith","Con"
2017,41803,"Laura","Smith","Lab"
2017,41804,"Sarah","Jones","Lab"
2017,41805,"Steve","Reed","Lab"
2017,41806,"Chris","Philp","Con"
2017,41807,"Stuart","McDonald","SNP"
2017,41808,"Chris","Heaton-Harris","Con"
2017,41809,"Andrew","Gwynne","Lab"
2017,41810,"Chris","Williamson","Lab"
2017,41811,"Margaret","Beckett","Lab"
2017,41812,"Patrick","McLoughlin","Con"
2017,41813,"Claire","Perry","Con"
2017,41814,"Paula","Sherriff","Lab"
2017,41815,"Ed","Miliband","Lab"
2017,41816,"Ian","Austin","Lab"
2017,41817,"Mike","Wood","Con"
2017,41818,"Helen","Hayes","Lab"
2017,41819,"Alister","Jack","Con"
2017,41820,"David","Mundell","Con"
2017,41821,"Steve","Pound","Lab"
2017,41822,"Hugo","Swire","Con"
2017,41823,"Tim","Loughton","Con"
2017,41824,"Greg","Knight","Con"
2017,41825,"Stephen","Lloyd","LDem"
2017,41826,"Antoinette","Sandbach","Con"
2017,41827,"Deidre","Brock","SNP"
2017,41828,"Ian","Murray","Lab"
2017,41829,"Joanna","Cherry","SNP"
2017,41830,"Christine","Jardine","LDem"
2017,41831,"Kate","Osamor","Lab"
2017,41832,"Justin","Madders","Lab"
2017,41833,"Alec","Shelbrooke","Con"
2017,41834,"Joan","Ryan","Lab"
2017,41835,"Bambos","Charalambous","Lab"
2017,41836,"Chris","Grayling","Con"
2017,41837,"Teresa","Pearce","Lab"
2017,41838,"Ben","Bradshaw","Lab"
2017,41839,"Helen","Whately","Con"
2017,41840,"Seema","Malhotra","Lab"
2017,41842,"Jack","Lopresti","Con"
2017,41843,"Mike","Freer","Con"
2017,41844,"Mark","Harper","Con"
2017,41845,"Edward","Leigh","Con"
2017,41846,"Rehman","Chishti","Con"
2017,41847,"David","Linden","SNP"
2017,41848,"Colin","Clark","Con"
2017,41849,"Nicholas","Boles","Con"
2017,41850,"Meg","Hillier","Lab"
2017,41851,"James","Morris","Con"
2017,41852,"Holly","Lynch","Lab"
2017,41853,"David","Davis","Con"
2017,41854,"Andrew","Slaughter","Lab"
2017,41855,"Tulip","Siddiq","Lab"
2017,41856,"Neil","O'Brien","Con"
2017,41857,"Bob","Blackman","Con"
2017,41858,"Amber","Rudd","Con"
2017,41859,"William","Wragg","Con"
2017,41860,"Jon","Trickett","Lab"
2017,41861,"Matthew","Offord","Con"
2017,41862,"John","Howell","Con"
2017,41863,"Jesse","Norman","Con"
2017,41864,"Guy","Opperman","Con"
2017,41865,"Keir","Starmer","Lab"
2017,41866,"Catherine","West","Lab"
2017,41867,"Jeremy","Quin","Con"
2017,41868,"Peter","Kyle","Lab"
2017,41869,"Barry","Sheerman","Lab"
2017,41870,"Wes","Streeting","Lab"
2017,41871,"Mike","Gapes","Lab"
2017,41872,"John","Grogan","Lab"
2017,41873,"Edward","Davey","LDem"
2017,41874,"Chris","Skidmore","Con"
2017,41875,"Cat","Smith","Lab"
2017,41876,"Richard","Burgon","Lab"
2017,41877,"Fabian","Hamilton","Lab"
2017,41878,"Alex","Sobel","Lab"
2017,41879,"Keith","Vaz","Lab"
2017,41880,"Ellie","Reeves","Lab"
2017,41881,"Vicky","Foxcroft","Lab"
2017,41882,"Karen","Lee","Lab"
2017,41883,"Martyn","Day","SNP"
2017,41884,"Nicky","Morgan","Con"
2017,41885,"Philip","Dunne","Con"
2017,41886,"Kelvin","Hopkins","Independent"
2017,41887,"David","Rutley","Con"
2017,41888,"Helen","Grant","Con"
2017,41889,"Ben","Bradley","Con"
2017,41890,"George","Hollingbery","Con"
2017,41891,"Pauline","Latham","Con"
2017,41892,"Michael","Tomlinson","Con"
2017,41893,"Nicholas","Soames","Con"
2017,41894,"Mark","Lancaster","Con"
2017,41895,"Iain","Stewart","Con"
2017,41896,"David","Morris","Con"
2017,41897,"Andrea","Jenkyns","Con"
2017,41898,"Marion","Fellows","SNP"
2017,41899,"Robert","Jenrick","Con"
2017,41900,"Paul","Farrelly","Lab"
2017,41902,"Yvette","Cooper","Lab"
2017,41903,"Peter","Heaton-Jones","Con"
2017,41904,"Simon","Hoare","Con"
2017,41905,"Alistair","Burt","Con"
2017,41906,"Steve","Barclay","Con"
2017,41907,"Lee","Rowley","Con"
2017,41908,"Stephen","Gethins","SNP"
2017,41909,"Jacob","Rees-Mogg","Con"
2017,41910,"Bill","Wiggin","Con"
2017,41911,"Owen","Paterson","Con"
2017,41912,"Liam","Fox","Con"
2017,41913,"Roger","Gale","Con"
2017,41914,"Kit","Malthouse","Con"
2017,41915,"Henry","Bellingham","Con"
2017,41916,"Michael","Ellis","Con"
2017,41917,"Andrew","Lewer","Con"
2017,41918,"Chris","Leslie","Lab"
2017,41919,"Alex","Norris","Lab"
2017,41920,"James","Brokenshire","Con"
2017,41921,"Jim","McMahon","Lab"
2017,41922,"Alistair","Carmichael","LDem"
2017,41923,"Jo","Johnson","Con"
2017,41924,"Layla","Moran","LDem"
2017,41925,"Rory","Stewart","Con"
2017,41926,"Johnny","Mercer","Con"
2017,41927,"Luke","Pollard","Lab"
2017,41928,"Robert","Syms","Con"
2017,41929,"Jim","Fitzpatrick","Lab"
2017,41930,"Stephen","Crabb","Con"
2017,41931,"Stuart","Andrew","Con"
2017,41932,"Matt","Rodda","Lab"
2017,41933,"Alok","Sharma","Con"
2017,41934,"Rachel","Maclean","Con"
2017,41935,"Rishi","Sunak","Con"
2017,41936,"Zac","Goldsmith","Con"
2017,41937,"Kelly","Tolhurst","Con"
2017,41938,"Ian","Blackford","SNP"
2017,41939,"Jake","Berry","Con"
2017,41940,"Kevin","Barron","Lab"
2017,41941,"Sarah","Champion","Lab"
2017,41942,"Nick","Hurd","Con"
2017,41943,"Philip","Hammond","Con"
2017,41944,"Alan","Duncan","Con"
2017,41945,"Kemi","Badenoch","Con"
2017,41946,"Robert","Goodwill","Con"
2017,41947,"Nicholas","Dakin","Lab"
2017,41948,"Paul","Blomfield","Lab"
2017,41949,"Mark","Spencer","Con"
2017,41950,"Philip","Davies","Con"
2017,41951,"Daniel","Kawczynski","Con"
2017,41952,"Julian","Smith","Con"
2017,41953,"Caroline","Johnson","Con"
2017,41954,"Tan","Dhesi","Lab"
2017,41955,"David","Warburton","Con"
2017,41956,"Lucy","Frazer","Con"
2017,41957,"Alberto","Costa","Con"
2017,41958,"Andrea","Leadsom","Con"
2017,41959,"Seema","Kennedy","Con"
2017,41960,"Gavin","Williamson","Con"
2017,41961,"James","Cartlidge","Con"
2017,41962,"Craig","Mackinlay","Con"
2017,41963,"Andrew","Selous","Con"
2017,41964,"Gary","Streeter","Con"
2017,41965,"David","Gauke","Con"
2017,41966,"Elizabeth","Truss","Con"
2017,41967,"Jeremy","Hunt","Con"
2017,41968,"Royston","Smith","Con"
2017,41969,"Alan","Whitehead","Lab"
2017,41970,"Kwasi","Kwarteng","Con"
2017,41971,"Derek","Thomas","Con"
2017,41972,"Jonathan","Reynolds","Lab"
2017,41973,"Stephen","Kerr","Con"
2017,41974,"Ann","Coffey","Lab"
2017,41975,"Gareth","Snell","Lab"
2017,41976,"Ruth","Smeeth","Lab"
2017,41977,"Jack","Brereton","Con"
2017,41978,"Bill","Cash","Con"
2017,41979,"Margot","James","Con"
2017,41980,"Chuka","Umunna","Lab"
2017,41981,"Kate","Green","Lab"
2017,41982,"Esther","McVey","Con"
2017,41983,"Rebecca","Pow","Con"
2017,41984,"Laurence","Robertson","Con"
2017,41985,"Kevin","Hollinrake","Con"
2017,41986,"Luke","Hall","Con"
2017,41987,"Neil","Parish","Con"
2017,41988,"Geoffrey","Cox","Con"
2017,41989,"Sarah","Wollaston","Con"
2017,41990,"Sarah","Newton","Con"
2017,41991,"David","Simpson","DUP"
2017,41992,"Kate","Hoey","Lab"
2017,41993,"Mary","Creagh","Lab"
2017,41994,"Eddie","Hughes","Con"
2017,41995,"Valerie","Vaz","Lab"
2017,41996,"Ian","Lavery","Lab"
2017,41997,"Ed","Vaizey","Con"
2017,41998,"Faisal","Rashid","Lab"
2017,41999,"Matt","Western","Lab"
2017,42000,"Peter","Aldous","Con"
2017,42001,"Mike","Amesbury","Lab"
2017,42002,"James","Heappey","Con"
2017,42003,"Grant","Shapps","Con"
2017,42004,"Andrew","Bowie","Con"
2017,42005,"Lyn","Brown","Lab"
2017,42006,"Rosie","Cooper","Lab"
2017,42008,"Tim","Farron","LDem"
2017,42009,"John","Penrose","Con"
2017,42010,"Steve","Brine","Con"
2017,42011,"Priti","Patel","Con"
2017,42012,"Robert","Courts","Con"
2017,42013,"Peter","Bottomley","Con"
2017,42014,"Ben","Wallace","Con"
2017,42015,"Rachael","Maskell","Lab"
2017,42016,"Julian","Sturdy","Con"
2017,42017,"Steve","Double","Con"
2017,42018,"Sheryll","Murray","Con"
2017,42019,"Scott","Mann","Con"
2017,42020,"Emma","Dent Coad","Lab"
2017,42022,"Jared","O'Mara","Independent"
2017,42023,"Janet","Daby","Lab"
2017,42024,"John","Woodcock","Lab"
2017,42025,"Charlie","Elphicke","Independent"
2017,42026,"Charlie","Elphicke","Independent"
2017,42027,"Frank","Field","Lab"
2017,42028,"Kelvin","Hopkins","Independent"
2017,42029,"Ivan","Lewis","Independent"
2017,42030,"Stephen","Lloyd","LDem"
2017,42031,"Fiona","Onasanya","Lab"
2017,42032,"Luciana","Berger","Lab"
2017,42033,"Ann","Coffey","Lab"
2017,42034,"Mike","Gapes","Lab"
2017,42035,"Chris","Leslie","Lab"
2017,42036,"Angela","Smith","Lab"
2017,42037,"Chuka","Umunna","Lab"
2017,42038,"Gavin","Shuker","Lab"
2017,42039,"Joan","Ryan","Lab"
2017,42040,"Heidi","Allen","Con"
2017,42041,"Anna","Soubry","Con"
2017,42042,"Sarah","Wollaston","Con"
2017,42043,"Ian","Austin","Lab"
2017,42044,"Nicholas","Boles","Con"
2017,42045,"Ruth","Jones","Lab"
2017,42046,"Lisa","Forbes","Lab"
2017,42047,"Chuka","Umunna","Lab"
2017,42048,"Jane","Dodds","LDem"
2017,42049,"Sarah","Wollaston","Con"
2017,42050,"Charlie","Elphicke","Independent"
2017,42051,"Chris","Williamson","Lab"
2017,42053,"Chris","Williamson","Lab"
2017,42054,"Phillip","Lee","Con"
2017,42055,"Kenneth","Clarke","Con"
2017,42056,"Dominic","Grieve","Con"
2017,42057,"Philip","Hammond","Con"
2017,42058,"Oliver","Letwin","Con"
2017,42059,"Nicholas","Soames","Con"
2017,42060,"Alistair","Burt","Con"
2017,42061,"Anne","Milton","Con"
2017,42062,"David","Gauke","Con"
2017,42063,"Richard","Benyon","Con"
2017,42064,"Justine","Greening","Con"
2017,42065,"Greg","Clark","Con"
2017,42066,"Ed","Vaizey","Con"
2017,42067,"Stephen","Hammond","Con"
2017,42068,"Guto","Bebb","Con"
2017,42069,"Sam","Gyimah","Con"
2017,42070,"Caroline","Nokes","Con"
2017,42071,"Margot","James","Con"
2017,42072,"Steve","Brine","Con"
2017,42073,"Richard","Harrington","Con"
2017,42074,"Rory","Stewart","Con"
2017,42075,"Antoinette","Sandbach","Con"
2017,42076,"Amber","Rudd","Con"
2019,42077,"Chi","Onwurah","Lab"
2019,42078,"Bridget","Phillipson","Lab"
2019,42079,"Ian","Levy","Con"
2019,42080,"Imran","Hussain","Lab"
2019,42081,"Naseem","Shah","Lab"
2019,42082,"Nick","Brown","Lab"
2019,42083,"Julie","Elliott","Lab"
2019,42084,"Andy","McDonald","Lab"
2019,42085,"Justin","Tomlinson","Con"
2019,42086,"Sharon","Hodgson","Lab"
2019,42087,"Derek","Twigg","Lab"
2019,42088,"Catherine","McKinnell","Lab"
2019,42089,"Emma","Lewell-Buck","Lab"
2019,42090,"Marcus","Jones","Con"
2019,42091,"Charles","Walker","Con"
2019,42092,"Mark","Jenkinson","Con"
2019,42093,"Ian","Lavery","Lab"
2019,42094,"Margaret","Ferrier","SNP"
2019,42095,"Philip","Hollobone","Con"
2019,42096,"Peter","Gibson","Con"
2019,42097,"Kate","Osborne","Lab"
2019,42098,"Mark","Menzies","Con"
2019,42099,"Yvonne","Fovargue","Lab"
2019,42101,"George","Howarth","Lab"
2019,42102,"Wayne","David","Lab"
2019,42103,"Paul","Bristow","Con"
2019,42104,"Dave","Doogan","SNP"
2019,42105,"Stella","Creasy","Lab"
2019,42106,"Stephanie","Peacock","Lab"
2019,42107,"Steven","Baker","Con"
2019,42108,"Alun","Cairns","Con"
2019,42109,"Jackie","Doyle-Price","Con"
2019,42110,"Mike","Penning","Con"
2019,42111,"Claudia","Webbe","Lab"
2019,42112,"Mick","Whitley","Lab"
2019,42113,"John","Cryer","Lab"
2019,42114,"Robert","Halfon","Con"
2019,42115,"Suella","Braverman","Con"
2019,42116,"Geraint","Davies","Lab"
2019,42117,"Mike","Hill","Lab"
2019,42118,"Julian","Knight","Con"
2019,42119,"Alan","Campbell","Lab"
2019,42120,"Eleanor","Laing","Con"
2019,42121,"Chris","Evans","Lab"
2019,42122,"John","Stevenson","Con"
2019,42123,"Mark","Pawsey","Con"
2019,42124,"Simon","Baynes","Con"
2019,42125,"Conor","McGinn","Lab"
2019,42126,"Alex","Cunningham","Lab"
2019,42127,"Scott","Benton","Con"
2019,42128,"Peter","Dowd","Lab"
2019,42129,"Damien","Moore","Con"
2019,42130,"Chris","Elmore","Lab"
2019,42131,"Martin","Docherty","SNP"
2019,42132,"Nadhim","Zahawi","Con"
2019,42133,"James","Murray","Lab"
2019,42134,"Carolyn","Harris","Lab"
2019,42135,"Dan","Jarvis","Lab"
2019,42136,"Mhairi","Black","SNP"
2019,42137,"David","Amess","Con"
2019,42138,"Ellie","Reeves","Lab"
2019,42139,"James","Duddridge","Con"
2019,42140,"Liz","Kendall","Lab"
2019,42141,"Rupa","Huq","Lab"
2019,42142,"Damian","Collins","Con"
2019,42143,"Ranil","Jayawardena","Con"
2019,42144,"Angela","Crawley","SNP"
2019,42146,"Amanda","Milling","Con"
2019,42147,"Cherilyn","Mackrory","Con"
2019,42148,"Robert","Buckland","Con"
2019,42149,"Iain","Duncan Smith","Con"
2019,42150,"Tim","Farron","LDem"
2019,42151,"Marsha","de Cordova","Lab"
2019,42152,"Kim","Johnson","Lab"
2019,42153,"Rosie","Duffield","Lab"
2019,42154,"Oliver","Dowden","Con"
2019,42155,"Will","Quince","Con"
2019,42156,"Chris","Bryant","Lab"
2019,42157,"Ian","Mearns","Lab"
2019,42158,"Liz","Twist","Lab"
2019,42159,"Chris","Green","Con"
2019,42160,"Paul","Maynard","Con"
2019,42161,"Trudy","Harrison","Con"
2019,42162,"Clive","Lewis","Lab"
2019,42163,"Anne Marie","Morris","Con"
2019,42164,"Alex","Norris","Lab"
2019,42165,"Holly","Mumby-Croft","Con"
2019,42166,"Luke","Evans","Con"
2019,42167,"Liz","Saville-Roberts","PC"
2019,42168,"Jacob","Young","Con"
2019,42169,"Jane","Stevenson","Con"
2019,42170,"Stephen","McPartland","Con"
2019,42171,"Mark","Hendrick","Lab"
2019,42172,"Paul","Holmes","Con"
2019,42173,"Rachel","Hopkins","Lab"
2019,42174,"Lisa","Cameron","SNP"
2019,42175,"David","Davis","Con"
2019,42176,"Alison","McGovern","Lab"
2019,42177,"Stephen","Kinnock","Lab"
2019,42178,"Bill","Esterson","Lab"
2019,42179,"Sarah","Atherton","Con"
2019,42180,"Kemi","Badenoch","Con"
2019,42181,"Tom","Hunt","Con"
2019,42182,"James","Grundy","Con"
2019,42183,"Fleur","Anderson","Lab"
2019,42184,"Ronnie","Cowan","SNP"
2019,42185,"Shaun","Bailey","Con"
2019,42186,"John","Nicolson","SNP"
2019,42187,"Dehenna","Davison","Con"
2019,42188,"John","Baron","Con"
2019,42189,"Michael","Fabricant","Con"
2019,42190,"Pete","Wishart","SNP"
2019,42191,"Kevin","Foster","Con"
2019,42192,"Matthew","Hancock","Con"
2019,42193,"Nusrat","Ghani","Con"
2019,42194,"Robert","Goodwill","Con"
2019,42195,"Ian","Byrne","Lab"
2019,42196,"Jessica","Morden","Lab"
2019,42197,"Bernard","Jenkin","Con"
2019,42198,"John","Redwood","Con"
2019,42199,"Gerald","Jones","Lab"
2019,42200,"Yasmin","Qureshi","Lab"
2019,42201,"Gavin","Newlands","SNP"
2019,42202,"Lucy","Allan","Con"
2019,42203,"Nigel","Evans","Con"
2019,42204,"John","Hayes","Con"
2019,42205,"Nickie","Aiken","Con"
2019,42206,"Margaret","Greenwood","Lab"
2019,42207,"Steve","McCabe","Lab"
2019,42208,"Julia","Lopez","Con"
2019,42209,"Peter","Bone","Con"
2019,42210,"Stuart","Anderson","Con"
2019,42211,"Kate","Osamor","Lab"
2019,42212,"Nia","Griffith","Lab"
2019,42213,"Paula","Barker","Lab"
2019,42214,"Munira","Wilson","LDem"
2019,42216,"David","Jones","Con"
2019,42217,"Lisa","Nandy","Lab"
2019,42220,"Nigel","Huddleston","Con"
2019,42221,"Jim","Shannon","DUP"
2019,42222,"Wera","Hobhouse","LDem"
2019,42223,"Patricia","Gibson","SNP"
2019,42224,"Imran","Khan","Con"
2019,42225,"Angela","Eagle","Lab"
2019,42226,"Ruth","Jones","Lab"
2019,42227,"Sarah","Owen","Lab"
2019,42228,"Siobhain","McDonagh","Lab"
2019,42229,"Caroline","Ansell","Con"
2019,42230,"Vicky","Ford","Con"
2019,42231,"Alex","Davies-Jones","Lab"
2019,42232,"Richard","Graham","Con"
2019,42233,"Simon","Clarke","Con"
2019,42234,"Nick","Thomas-Symonds","Lab"
2019,42235,"Chris","Clarkson","Con"
2019,42236,"Mark","Harper","Con"
2019,42237,"Beth","Winter","Lab"
2019,42238,"Neil","Gray","SNP"
2019,42239,"Andrew","Rosindell","Con"
2019,42240,"Stephen","Metcalfe","Con"
2019,42241,"Gregory","Campbell","DUP"
2019,42242,"John","Spellar","Lab"
2019,42243,"Jonathan","Edwards","PC"
2019,42244,"Kirsten","Oswald","SNP"
2019,42245,"Angela","Richardson","Con"
2019,42246,"Damian","Green","Con"
2019,42247,"Dean","Russell","Con"
2019,42248,"Jamie","Wallis","Con"
2019,42249,"Katherine","Fletcher","Con"
2019,42250,"Rosena","Allin-Khan","Lab"
2019,42251,"Andrew","Stephenson","Con"
2019,42252,"George","Eustice","Con"
2019,42253,"Christina","Rees","Lab"
2019,42254,"Emily","Thornberry","Lab"
2019,42255,"Janet","Daby","Lab"
2019,42256,"Alan","Mak","Con"
2019,42257,"Natalie","Elphicke","Con"
2019,42258,"Rosie","Cooper","Lab"
2019,42259,"Vicky","Foxcroft","Lab"
2019,42260,"Virendra","Sharma","Lab"
2019,42261,"Owen","Thompson","SNP"
2019,42262,"Robin","Millar","Con"
2019,42263,"Gill","Furniss","Lab"
2019,42264,"Mary","Foy","Lab"
2019,42265,"Pat","McFadden","Lab"
2019,42266,"Mark","Garnier","Con"
2019,42267,"Nadine","Dorries","Con"
2019,42268,"Nicola","Richards","Con"
2019,42269,"Gillian","Keegan","Con"
2019,42270,"Laura","Farris","Con"
2019,42271,"Nigel","Mills","Con"
2019,42272,"Sajid","Javid","Con"
2019,42273,"Karl","Turner","Lab"
2019,42274,"Caroline","Dinenage","Con"
2019,42275,"Hilary","Benn","Lab"
2019,42276,"Navendu","Mishra","Lab"
2019,42277,"Chris","Law","SNP"
2019,42278,"Maggie","Throup","Con"
2019,42279,"Robin","Walker","Con"
2019,42280,"Tom","Randall","Con"
2019,42281,"John Martin","McDonnell","Lab"
2019,42282,"Karen","Buck","Lab"
2019,42283,"Mary","Glindon","Lab"
2019,42284,"Siobhan","Baillie","Con"
2019,42285,"Edward","Davey","LDem"
2019,42286,"Valerie","Vaz","Lab"
2019,42287,"Dominic","Raab","Con"
2019,42288,"James","Cleverly","Con"
2019,42289,"Sarah","Olney","LDem"
2019,42290,"Clive","Efford","Lab"
2019,42291,"Crispin","Blunt","Con"
2019,42292,"Kate","Griffiths","Con"
2019,42293,"Robert","Courts","Con"
2019,42294,"Robert","Largan","Con"
2019,42295,"Antony","Higginbotham","Con"
2019,42296,"Douglas","Ross","Con"
2019,42297,"Eddie","Hughes","Con"
2019,42298,"Virginia","Crosbie","Con"
2019,42299,"Julian","Lewis","Con"
2019,42300,"Jeremy","Corbyn","Lab"
2019,42301,"Kenny","MacAskill","SNP"
2019,42302,"Craig","Tracey","Con"
2019,42303,"Duncan","Baker","Con"
2019,42304,"Nadia","Whittome","Lab"
2019,42305,"Andrew","Selous","Con"
2019,42306,"Esther","McVey","Con"
2019,42307,"Giles","Watling","Con"
2019,42308,"Jonathan","Djanogly","Con"
2019,42309,"Anneliese","Dodds","Lab"
2019,42310,"Abena","Oppong-Asare","Lab"
2019,42311,"Saqib","Bhatti","Con"
2019,42312,"Paul","Girvan","DUP"
2019,42313,"Grahame","Morris","Lab"
2019,42314,"Tonia","Antoniazzi","Lab"
2019,42315,"Hywel","Williams","PC"
2019,42316,"Alyn","Smith","SNP"
2019,42317,"Stephen","Farry","Alliance"
2019,42318,"Anthony","Browne","Con"
2019,42319,"Laura","Trott","Con"
2019,42320,"Darren","Jones","Lab"
2019,42321,"Mark","Pritchard","Con"
2019,42322,"Rob","Roberts","Con"
2019,42323,"Sarah","Champion","Lab"
2019,42324,"Matt","Vickers","Con"
2019,42325,"Ruth","Edwards","Con"
2019,42326,"Greg","Hands","Con"
2019,42327,"Paul","Howell","Con"
2019,42328,"Wendy","Morton","Con"
2019,42329,"Kerry","McCarthy","Lab"
2019,42330,"Rosie","Winterton","Lab"
2019,42331,"Thangam","Debbonaire","Lab"
2019,42332,"Angus","MacNeil","SNP"
2019,42333,"Andrew","Jones","Con"
2019,42334,"Bob","Blackman","Con"
2019,42335,"David","Rutley","Con"
2019,42336,"Florence","Eshalomi","Lab"
2019,42337,"Guy","Opperman","Con"
2019,42338,"Rebecca","Harris","Con"
2019,42339,"Gavin","Robinson","DUP"
2019,42340,"Bell","Ribeiro-Addy","Lab"
2019,42341,"Tan","Dhesi","Lab"
2019,42342,"Tulip","Siddiq","Lab"
2019,42343,"Brandon","Lewis","Con"
2019,42344,"Edward","Timpson","Con"
2019,42345,"Jacob","Rees-Mogg","Con"
2019,42346,"James","Cartlidge","Con"
2019,42347,"James","Davies","Con"
2019,42348,"Victoria","Atkins","Con"
2019,42349,"Maria","Eagle","Lab"
2019,42350,"Gareth","Davies","Con"
2019,42351,"Leo","Docherty","Con"
2019,42352,"Jeremy","Wright","Con"
2019,42353,"Nicholas","Fletcher","Con"
2019,42354,"Dan","Carden","Lab"
2019,42356,"James","Sunderland","Con"
2019,42357,"Lyn","Brown","Lab"
2019,42358,"Alan","Brown","SNP"
2019,42359,"Steven","Bonnar","SNP"
2019,42360,"Craig","Williams","Con"
2019,42361,"Andrew","Slaughter","Lab"
2019,42362,"George","Freeman","Con"
2019,42363,"Clive","Betts","Lab"
2019,42364,"Lilian","Greenwood","Lab"
2019,42365,"Edward","Leigh","Con"
2019,42366,"Mark","Francois","Con"
2019,42367,"Brendan","Clarke-Smith","Con"
2019,42368,"Graham","Stuart","Con"
2019,42369,"Stephen","Doughty","Lab"
2019,42370,"Marie","Rimmer","Lab"
2019,42371,"William","Wragg","Con"
2019,42372,"Amy","Callaghan","SNP"
2019,42373,"Claire","Hanna","SDLP"
2019,42374,"Andrew","Lewer","Con"
2019,42375,"Chris","Grayling","Con"
2019,42376,"Alexander","Stafford","Con"
2019,42377,"Karl","McCartney","Con"
2019,42378,"Lia","Nici","Con"
2019,42379,"Ed","Miliband","Lab"
2019,42380,"Rachel","Reeves","Lab"
2019,42381,"Kirsty","Blackman","SNP"
2019,42382,"James","Wild","Con"
2019,42383,"Stephen","Flynn","SNP"
2019,42384,"Matt","Rodda","Lab"
2019,42385,"Anthony","Mangnall","Con"
2019,42386,"Daniel","Poulter","Con"
2019,42387,"Maria","Miller","Con"
2019,42388,"Priti","Patel","Con"
2019,42389,"Simon","Fell","Con"
2019,42390,"Allan","Dorans","SNP"
2019,42391,"Ben","Bradley","Con"
2019,42392,"Robert","Jenrick","Con"
2019,42393,"Sammy","Wilson","DUP"
2019,42394,"Stephen","Morgan","Lab"
2019,42395,"Rachel","Maclean","Con"
2019,42396,"Khalid","Mahmood","Lab"
2019,42397,"Tony","Lloyd","Lab"
2019,42398,"Stewart","Hosie","SNP"
2019,42399,"Alex","Burghart","Con"
2019,42400,"James","Brokenshire","Con"
2019,42401,"Nick","Smith","Lab"
2019,42402,"Stephen","Timms","Lab"
2019,42403,"Hannah","Bardell","SNP"
2019,42404,"Darren","Henry","Con"
2019,42405,"Anne","McLaughlin","SNP"
2019,42406,"Heather","Wheeler","Con"
2019,42407,"Preet","Kaur Gill","Lab"
2019,42408,"Shabana","Mahmood","Lab"
2019,42409,"Lee","Rowley","Con"
2019,42410,"Jack","Dromey","Lab"
2019,42411,"Liam","Byrne","Lab"
2019,42412,"Kevan","Jones","Lab"
2019,42413,"Wendy","Chamberlain","LDem"
2019,42414,"Neale","Hanvey","Independent"
2019,42415,"Christian","Wakeford","Con"
2019,42416,"Diana","Johnson","Lab"
2019,42417,"Matthew","Pennycook","Lab"
2019,42418,"Bob","Seely","Con"
2019,42419,"Caroline","Johnson","Con"
2019,42420,"Christopher","Pincher","Con"
2019,42421,"Emma","Hardy","Lab"
2019,42422,"Daniel","Kawczynski","Con"
2019,42423,"Angela","Rayner","Lab"
2019,42424,"Jon","Ashworth","Lab"
2019,42425,"Martin","Vickers","Con"
2019,42426,"Yvette","Cooper","Lab"
2019,42427,"David","Linden","SNP"
2019,42428,"Patrick","Grady","SNP"
2019,42429,"Neil","Hudson","Con"
2019,42430,"Sara","Britcliffe","Con"
2019,42431,"Sarah","Dines","Con"
2019,42432,"Andrew","Mitchell","Con"
2019,42433,"Bob","Neill","Con"
2019,42434,"Harriett","Baldwin","Con"
2019,42435,"Joy","Morrissey","Con"
2019,42436,"Barry","Gardiner","Lab"
2019,42437,"Mike","Amesbury","Lab"
2019,42438,"Adam","Holloway","Con"
2019,42439,"Alister","Jack","Con"
2019,42440,"Greg","Knight","Con"
2019,42441,"John","McNally","SNP"
2019,42442,"Theresa","May","Con"
2019,42443,"Andrew","Gwynne","Lab"
2019,42444,"Richard","Burgon","Lab"
2019,42445,"Ben","Lake","PC"
2019,42446,"John","Lamont","Con"
2019,42447,"Alex","Sobel","Lab"
2019,42448,"Cat","Smith","Lab"
2019,42449,"Fabian","Hamilton","Lab"
2019,42450,"Andrew","Bridgen","Con"
2019,42451,"Richard","Drax","Con"
2019,42452,"Gareth","Thomas","Lab"
2019,42453,"Caroline","Nokes","Con"
2019,42454,"Julie","Marson","Con"
2019,42455,"Rishi","Sunak","Con"
2019,42456,"Stuart","McDonald","SNP"
2019,42457,"Bob","Stewart","Con"
2019,42458,"Stephen","Hammond","Con"
2019,42459,"Stewart","McDonald","SNP"
2019,42460,"Luke","Hall","Con"
2019,42461,"Diane","Abbott","Lab"
2019,42462,"Anna","McMorrin","Lab"
2019,42463,"Karin","Smyth","Lab"
2019,42464,"Michael","Ellis","Con"
2019,42465,"Shailesh","Vara","Con"
2019,42466,"Caroline","Lucas","Green"
2019,42467,"Ben","Wallace","Con"
2019,42468,"Selaine","Saxby","Con"
2019,42469,"Rachael","Maskell","Lab"
2019,42470,"Boris","Johnson","Con"
2019,42471,"Henry","Smith","Con"
2019,42472,"Fay","Jones","Con"
2019,42473,"Helen","Whately","Con"
2019,42474,"Steve","Barclay","Con"
2019,42475,"Mary","Robinson","Con"
2019,42476,"Paul","Scully","Con"
2019,42477,"Simon","Hart","Con"
2019,42478,"Kate","Hollern","Lab"
2019,42479,"Desmond","Swayne","Con"
2019,42480,"Jo","Churchill","Con"
2019,42481,"Ian","Murray","Lab"
2019,42482,"Damian","Hinds","Con"
2019,42483,"Jo","Gideon","Con"
2019,42484,"Toby","Perkins","Lab"
2019,42485,"Gavin","Williamson","Con"
2019,42486,"Kieran","Mullan","Con"
2019,42487,"Andy","Carter","Con"
2019,42488,"Charlotte","Nichols","Lab"
2019,42489,"Kelly","Tolhurst","Con"
2019,42490,"Neil","Coyle","Lab"
2019,42491,"Martyn","Day","SNP"
2019,42492,"Sarah","Jones","Lab"
2019,42493,"Chris","Skidmore","Con"
2019,42494,"Richard","Bacon","Con"
2019,42495,"Margaret","Hodge","Lab"
2019,42496,"Jim","McMahon","Lab"
2019,42497,"Debbie","Abrahams","Lab"
2019,42498,"Gareth","Bacon","Con"
2019,42499,"Mark","Logan","Con"
2019,42500,"Gary","Sambrook","Con"
2019,42501,"Oliver","Heald","Con"
2019,42502,"Jess","Phillips","Lab"
2019,42503,"Tahir","Ali","Lab"
2019,42504,"Ben","Spencer","Con"
2019,42505,"Claire","Coutinho","Con"
2019,42506,"Daniel","Zeichner","Lab"
2019,42507,"David","Davies","Con"
2019,42508,"Stuart","Andrew","Con"
2019,42509,"Chris","Matheson","Lab"
2019,42510,"Peter","Grant","SNP"
2019,42511,"Huw","Merriman","Con"
2019,42512,"Felicity","Buchan","Con"
2019,42513,"Jonathan","Lord","Con"
2019,42514,"Meg","Hillier","Lab"
2019,42515,"David","Lammy","Lab"
2019,42516,"David","Simmonds","Con"
2019,42517,"Greg","Clark","Con"
2019,42518,"Mims","Davies","Con"
2019,42519,"Lucy","Powell","Lab"
2019,42520,"Richard","Holden","Con"
2019,42521,"Barbara","Keeley","Lab"
2019,42522,"Alberto","Costa","Con"
2019,42523,"Alec","Shelbrooke","Con"
2019,42524,"Gordon","Henderson","Con"
2019,42525,"Lee","Anderson","Con"
2019,42526,"Jo","Stevens","Lab"
2019,42527,"Louise","Haigh","Lab"
2019,42528,"Adam","Afriyie","Con"
2019,42529,"Richard","Fuller","Con"
2019,42530,"Rob","Butler","Con"
2019,42531,"John","Healey","Lab"
2019,42532,"David","Morris","Con"
2019,42533,"Stephen","Crabb","Con"
2019,42534,"Mark","Tami","Lab"
2019,42535,"Dawn","Butler","Lab"
2019,42536,"Feryal","Clark","Lab"
2019,42537,"Douglas","Chapman","SNP"
2019,42538,"Bill","Wiggin","Con"
2019,42539,"Michael","Gove","Con"
2019,42540,"Bambos","Charalambous","Lab"
2019,42541,"Miriam","Cates","Con"
2019,42542,"Marion","Fellows","SNP"
2019,42543,"Andrew","Murrison","Con"
2019,42544,"Cheryl","Gillan","Con"
2019,42545,"Jeremy","Hunt","Con"
2019,42546,"Jonathan","Gullis","Con"
2019,42547,"Geoffrey","Clifton-Brown","Con"
2019,42548,"Jack","Brereton","Con"
2019,42549,"Lloyd","Russell-Moyle","Lab"
2019,42550,"Catherine","West","Lab"
2019,42551,"Anne-Marie","Trevelyan","Con"
2019,42552,"Neil","O'Brien","Con"
2019,42553,"Margaret","Beckett","Lab"
2019,42554,"Graham","Stringer","Lab"
2019,42555,"Julian","Smith","Con"
2019,42556,"Harriet","Harman","Lab"
2019,42557,"Matt","Western","Lab"
2019,42558,"Andrew","Percy","Con"
2019,42559,"Bim","Afolami","Con"
2019,42560,"Nigel","Adams","Con"
2019,42561,"Joanna","Cherry","SNP"
2019,42562,"Karen","Bradley","Con"
2019,42563,"Seema","Malhotra","Lab"
2019,42564,"Jon","Trickett","Lab"
2019,42565,"Andrea","Jenkyns","Con"
2019,42566,"Theo","Clarke","Con"
2019,42567,"Ruth","Cadbury","Lab"
2019,42568,"Daisy","Cooper","LDem"
2019,42569,"Jack","Lopresti","Con"
2019,42570,"Ben","Bradshaw","Lab"
2019,42571,"Helen","Grant","Con"
2019,42572,"James","Gray","Con"
2019,42573,"Penny","Mordaunt","Con"
2019,42574,"Sally-Ann","Hart","Con"
2019,42575,"Chloe","Smith","Con"
2019,42576,"Carol","Monaghan","SNP"
2019,42577,"Bill","Cash","Con"
2019,42578,"Michelle","Donelan","Con"
2019,42579,"Helen","Hayes","Lab"
2019,42580,"Alison","Thewliss","SNP"
2019,42581,"Chris","Stephens","SNP"
2019,42582,"James","Heappey","Con"
2019,42583,"Mike","Wood","Con"
2019,42584,"Philip","Dunne","Con"
2019,42585,"Kate","Green","Lab"
2019,42586,"Owen","Paterson","Con"
2019,42587,"Keir","Starmer","Lab"
2019,42588,"Paul","Blomfield","Lab"
2019,42589,"Paul","Beresford","Con"
2019,42590,"Colum","Eastwood","SDLP"
2019,42591,"Alok","Sharma","Con"
2019,42592,"Jeffrey","Donaldson","DUP"
2019,42593,"David","Duguid","Con"
2019,42594,"Kit","Malthouse","Con"
2019,42595,"Victoria","Prentis","Con"
2019,42596,"Mohammad","Yasin","Lab"
2019,42597,"Rushanara","Ali","Lab"
2019,42598,"David","Evennett","Con"
2019,42599,"Nick","Gibb","Con"
2019,42600,"Conor","Burns","Con"
2019,42601,"Mark","Fletcher","Con"
2019,42602,"Matt","Warman","Con"
2019,42603,"Tobias","Ellwood","Con"
2019,42604,"Jonathan","Reynolds","Lab"
2019,42605,"Ian","Liddell-Grainger","Con"
2019,42606,"Thomas","Tugendhat","Con"
2019,42607,"Judith","Cummins","Lab"
2019,42608,"Craig","Whittaker","Con"
2019,42609,"Jerome","Mayhew","Con"
2019,42610,"Julian","Sturdy","Con"
2019,42611,"Peter","Aldous","Con"
2019,42612,"Jake","Berry","Con"
2019,42613,"Mel","Stride","Con"
2019,42614,"Kevin","Brennan","Lab"
2019,42615,"John","Glen","Con"
2019,42616,"Rebecca","Long-Bailey","Lab"
2019,42617,"Laurence","Robertson","Con"
2019,42618,"Tim","Loughton","Con"
2019,42619,"Holly","Lynch","Lab"
2019,42620,"David","Mundell","Con"
2019,42621,"Drew","Hendry","SNP"
2019,42622,"Chris","Heaton-Harris","Con"
2019,42623,"Gareth","Johnson","Con"
2019,42624,"James","Daly","Con"
2019,42625,"Mark","Spencer","Con"
2019,42626,"Philip","Davies","Con"
2019,42627,"John","Whittingdale","Con"
2019,42628,"Rebecca","Pow","Con"
2019,42629,"Graham","Brady","Con"
2019,42630,"Alicia","Kearns","Con"
2019,42631,"John","Penrose","Con"
2019,42632,"Mike","Freer","Con"
2019,42633,"Elliot","Colburn","Con"
2019,42634,"Olivia","Blake","Lab"
2019,42635,"Zarah","Sultana","Lab"
2019,42636,"Ben","Everitt","Con"
2019,42637,"Iain","Stewart","Con"
2019,42638,"Barry","Sheerman","Lab"
2019,42639,"Mike","Kane","Lab"
2019,42640,"Simon","Jupp","Con"
2019,42641,"Tracy","Brabin","Lab"
2019,42642,"Sam","Tarry","Lab"
2019,42643,"Wes","Streeting","Lab"
2019,42644,"Maria","Caulfield","Con"
2019,42645,"Rehman","Chishti","Con"
2019,42646,"Jamie","Stone","LDem"
2019,42647,"Royston","Smith","Con"
2019,42648,"Alan","Whitehead","Lab"
2019,42649,"Deidre","Brock","SNP"
2019,42650,"Philippa","Whitford","SNP"
2019,42652,"Danny","Kruger","Con"
2019,42653,"Edward","Argar","Con"
2019,42654,"Tracey","Crouch","Con"
2019,42655,"Apsana","Begum","Lab"
2019,42656,"Peter","Kyle","Lab"
2019,42657,"Ian","Paisley","DUP"
2019,42658,"Christine","Jardine","LDem"
2019,42659,"Fiona","Bruce","Con"
2019,42660,"Luke","Pollard","Lab"
2019,42661,"Tommy","Sheppard","SNP"
2019,42662,"Kwasi","Kwarteng","Con"
2019,42663,"Tom","Pursglove","Con"
2019,42664,"Colleen","Fletcher","Lab"
2019,42665,"Taiwo","Owatemi","Lab"
2019,42666,"Aaron","Bell","Con"
2019,42667,"Grant","Shapps","Con"
2019,42668,"Craig","Mackinlay","Con"
2019,42669,"Jon","Cruddas","Lab"
2019,42670,"Amanda","Solloway","Con"
2019,42671,"Liam","Fox","Con"
2019,42672,"Lucy","Frazer","Con"
2019,42673,"Marco","Longhi","Con"
2019,42674,"Carla","Lockhart","DUP"
2019,42675,"Flick","Drummond","Con"
2019,42676,"Justin","Madders","Lab"
2019,42677,"Chris","Loder","Con"
2019,42678,"Neil","Parish","Con"
2019,42679,"Richard","Thomson","SNP"
2019,42680,"Gagan","Mohindra","Con"
2019,42681,"James","Morris","Con"
2019,42682,"Afzal","Khan","Lab"
2019,42683,"Jeff","Smith","Lab"
2019,42684,"Jane","Hunt","Con"
2019,42685,"John","Howell","Con"
2019,42686,"Johnny","Mercer","Con"
2019,42687,"Robert","Syms","Con"
2019,42688,"Jesse","Norman","Con"
2019,42689,"Marcus","Fysh","Con"
2019,42690,"Peter","Bottomley","Con"
2019,42691,"Robbie","Moore","Con"
2019,42692,"Michael","Tomlinson","Con"
2019,42693,"Pauline","Latham","Con"
2019,42694,"Steve","Brine","Con"
2019,42695,"Christopher","Chope","Con"
2019,42696,"Mark","Eastwood","Con"
2019,42697,"Scott","Mann","Con"
2019,42698,"Theresa","Villiers","Con"
2019,42699,"Matthew","Offord","Con"
2019,42700,"Roger","Gale","Con"
2019,42701,"Layla","Moran","LDem"
2019,42702,"Ian","Blackford","SNP"
2019,42703,"David","Warburton","Con"
2019,42704,"David","Johnston","Con"
2019,42705,"Sheryll","Murray","Con"
2019,42706,"Elizabeth","Truss","Con"
2019,42707,"Greg","Smith","Con"
2019,42708,"Steve","Double","Con"
2019,42709,"Therese","Coffey","Con"
2019,42710,"Andrew","Bowie","Con"
2019,42711,"Suzanne","Webb","Con"
2019,42712,"Brendan","O'Hara","SNP"
2019,42713,"Kevin","Hollinrake","Con"
2019,42714,"Jason","McCartney","Con"
2019,42715,"Gary","Streeter","Con"
2019,42716,"Alistair","Carmichael","LDem"
2019,42717,"Steve","Reed","Lab"
2019,42718,"Simon","Hoare","Con"
2019,42719,"Alex","Chalk","Con"
2019,42720,"Chris","Philp","Con"
2019,42721,"Jeremy","Quin","Con"
2019,42723,"Geoffrey","Cox","Con"
2019,42724,"Andrea","Leadsom","Con"
2019,42725,"Andrew","Griffith","Con"
2019,42726,"Derek","Thomas","Con"
2019,42727,"Neale","Hanvey","Independent"
2019,42728,"Jonathan","Edwards","PC"
2019,42729,"Julian","Lewis","Con"
